"First Name","Last Name"
"Eleanor","Payne"
"Kristian","Walker"
"Madaline","Kelley"
"Steven","Brown"
"Oliver","Watson"
"Walter","Clark"
"Albert","Brooks"
"Reid","Robinson"
"Chelsea","Ellis"
"Lilianna","Allen"
"Alford","Wells"
"Adelaide","Johnston"
"Cherry","Moore"
"Emily","Robinson"
"Kristian","Ellis"
"Harold","Hunt"
"Sarah","Payne"
"Ned","Hall"
"Victor","Evans"
"Ryan","Gray"
"Samantha","Parker"
"Roman","Wilson"
"Miller","Robinson"
"Justin","Ross"
"Dexter","Smith"
"Darcy","Perkins"
"Amber","Ferguson"
"Garry","Cooper"
"Dominik","Riley"
"Lydia","Morris"
"Catherine","Hamilton"
"James","Smith"
"Amelia","Johnston"
"Kevin","Henderson"
"Vivian","Brooks"
"Kimberly","Ferguson"
"Abigail","Walker"
"Kellan","Thomas"
"Wilson","Carroll"
"Jordan","Mitchell"
"Nicole","Elliott"
"Melanie","Harper"
"Adam","Scott"
"John","Hall"
"Robert","Perkins"
"Connie","Cooper"
"Alberta","Ross"
"Victor","Stewart"
"Arnold","Ryan"
"Alisa","Montgomery"
